"甲子丙寅庚午壬辰(갑자병인경오임진)|실행이 답이다, 오늘은 눌러라 🚀"
乙丑丁卯辛巳癸未(을축정묘신사계미)|작은 친절이 큰 인연을 부른다 😁
丙寅戊辰壬申甲戌(병인무진임신갑술)|완벽보다 출발이 중요하다 ✨
丁卯己巳乙酉丙子(정묘기사을유병자)|걱정은 줄이고 오늘을 흘려보내라 🌊
戊辰庚午丙戌戊寅(무진경오병술무인)|협력이 당신을 더 빛낸다 🤝
己巳辛未丁亥庚辰(기사신미정해경진)|디테일을 다듬어야 빛난다 🖋️
庚午壬申戊子辛卯(경오임신무자신묘)|즉시 거절 말고 품어보라 🌟
辛未癸酉己丑壬巳(신미계유기축임사)|몸이 보내는 신호를 들어라 🛌
壬申甲戌庚寅乙巳(임신갑술경인을사)|따뜻한 말이 열쇠가 된다 🔑
癸酉乙亥辛卯丁未(계유을해신묘정미)|모험심이 새로운 길을 연다 🏞️
甲戌丙子庚寅壬午(갑술병자경인임오)|오늘은 리더보다 조율자가 되라 ⚖️
乙亥丁丑辛卯癸巳(을해정축신묘계사)|작은 실수가 큰 웃음을 만든다 😂
丙子戊寅壬辰甲申(병자무인임진갑신)|기회는 준비된 자의 손을 잡는다 👐
丁丑己卯乙巳丙未(정축기묘을사병미)|단순함 속에서 답을 찾아라 🌱
戊寅庚辰丙午戊申(무인경진병오무신)|오늘은 강함보다 유연함을 택하라 🌬️
己卯辛巳丁未庚酉(기묘신사정미경유)|집중은 단 하루를 바꾼다 🎯
庚辰壬午戊申辛戌(경진임오무신신술)|기다림 끝에 열매가 열린다 🍎
辛巳癸未己酉壬亥(신사계미기유임해)|지나친 욕심은 발목을 잡는다 ⛓️
壬午甲申庚戌乙子(임오갑신경술을자)|새로운 사람과의 만남에 열려라 👫
癸未乙酉辛亥丁丑(계미을유신해정축)|오늘은 속도가 아니라 방향이다 🧭
甲申丙戌庚子壬寅(갑신병술경자임인)|당당함이 설득력을 만든다 💪
乙酉丁亥辛丑癸卯(을유정해신축계묘)|유머 한마디가 분위기를 바꾼다 😆
丙戌戊子壬寅甲辰(병술무자임인갑진)|도전은 당신을 성장시킨다 🪴
丁亥己丑乙卯丙巳(정해기축을묘병사)|마음의 휴식이 지혜를 부른다 ☕
"戊子庚寅丙辰戊午(무자경인병진무오)|경쟁은 잠시, 협력이 길다 🛤️"
己丑辛卯丁巳庚未(기축신묘정사경미)|말보단 행동이 필요하다 🏃
庚寅壬辰戊午辛申(경인임진무오신신)|과거보다 현재를 보라 ⏳
辛卯癸巳己未壬酉(신묘계사기미임유)|기다림이 선물로 돌아온다 🎁
壬辰甲午庚申乙戌(임진갑오경신을술)|오늘은 인내가 무기다 🛡️
癸巳乙未辛酉丁亥(계사을미신유정해)|적게 말하고 많이 들어라 👂
甲午丙申庚戌壬子(갑오병신경술임자)|자신감을 잃지 말라 🌟
乙未丁酉辛亥癸丑(을미정유신해계축)|웃음은 최고의 보호막이다 😄
丙申戊戌壬子甲寅(병신무술임자갑인)|무모한 도전이 기회를 만든다 🎲
丁酉己亥乙丑丙卯(정유기해을축병묘)|다툼보단 양보가 길을 연다 🕊️
"戊戌庚子丙寅戊辰(무술경자병인무진)|선택은 빠르게, 실행은 신중하게 ⚡"
己亥辛丑丁卯庚巳(기해신축정묘경사)|오늘은 멈춤이 지혜다 🛑
庚子壬寅戊辰辛午(경자임인무진신오)|진심은 통한다 ❤️
辛丑癸卯己巳壬未(신축계묘기사임미)|욕심을 비우면 기쁨이 들어온다 🌸
壬寅甲辰庚午乙申(임인갑진경오을신)|믿음이 관계를 지킨다 🔒
癸卯乙巳辛未丁酉(계묘을사신미정유)|한 걸음 늦출 때 길이 보인다 🚶
甲辰丙午庚申壬戌(갑진병오경신임술)|불필요한 걱정을 버려라 💨
乙巳丁未辛酉癸亥(을사정미신유계해)|좋은 시작이 반이다 🪜
丙午戊申壬戌甲子(병오무신임술갑자)|느려도 꾸준하면 도착한다 🚂
丁未己酉乙亥丙丑(정미기유을해병축)|편안함이 최고의 무기다 🛋️
戊申庚戌丙子戊寅(무신경술병자무인)|작은 성취도 스스로 칭찬하라 🏅
己酉辛亥丁丑庚卯(기유신해정축경묘)|대화가 답이다 💬
庚戌壬子戊寅辛辰(경술임자무인신진)|무거운 마음은 나누면 가벼워진다 🪶
辛亥癸丑己卯壬巳(신해계축기묘임사)|오늘은 균형을 잡는 날 ⚖️
壬子甲寅庚辰乙午(임자갑인경진을오)|과감한 선택이 기회를 만든다 🪂
癸丑乙卯辛巳丁未(계축을묘신사정미)|마음을 열면 세상이 열린다 🌍
甲寅丙辰庚午壬申(갑인병진경오임신)|작은 용기가 큰 변화를 만든다 🦋
乙卯丁巳辛未癸酉(을묘정사신미계유)|웃음은 최고의 무기다 😄
丙辰戊午壬申甲戌(병진무오임신갑술)|인내가 결국 빛을 본다 🌟
丁巳己未乙酉丙亥(정사기미을유병해)|배려가 당신을 돋보이게 한다 🌸
戊午庚申丙戌戊子(무오경신병술무자)|오늘은 의외의 행운이 찾아온다 🍀
己未辛酉丁亥庚丑(기미신유정해경축)|지나친 고집은 기회를 놓친다 🚪
庚申壬戌戊子辛寅(경신임술무자신인)|대담한 발상이 답이 된다 💡
辛酉癸亥己丑壬卯(신유계해기축임묘)|쉬어야 다시 달릴 수 있다 🛌
壬戌甲子庚寅乙辰(임술갑자경인을진)|정직함이 신뢰를 만든다 🤲
癸亥乙丑辛卯丁巳(계해을축신묘정사)|집중은 성공의 문을 연다 🔑
甲子丙寅庚辰壬午(갑자병인경진임오)|한 발 늦추면 더 멀리 본다 👀
乙丑丁卯辛巳癸未(을축정묘신사계미)|즐거움이 에너지를 만든다 ⚡
丙寅戊辰壬午甲申(병인무진임오갑신)|오늘은 직감이 답이다 🔮
丁卯己巳乙未丙酉(정묘기사을미병유)|다툼보다 미소가 강하다 😌
戊辰庚午丙申戊戌(무진경오병신무술)|배움이 오늘의 자산이다 📚
己巳辛未丁酉庚亥(기사신미정유경해)|사람 사이 거리를 조절하라 📏
庚午壬申戊戌辛子(경오임신무술신자)|용서가 자유를 준다 🕊️
辛未癸酉己亥壬丑(신미계유기해임축)|오늘은 단순함이 해답이다 🧩
壬申甲戌庚子乙寅(임신갑술경자을인)|기회는 준비된 자에게 온다 🛠️
癸酉乙亥辛丑丁卯(계유을해신축정묘)|혼자보다 함께일 때 빛난다 🌟
甲戌丙子庚寅壬辰(갑술병자경인임진)|작은 시도도 의미가 있다 🪴
乙亥丁丑辛卯癸巳(을해정축신묘계사)|기분 전환이 운을 부른다 🎶
丙子戊寅壬辰甲午(병자무인임진갑오)|계획은 단순할수록 좋다 📝
丁丑己卯乙巳丙未(정축기묘을사병미)|오늘은 솔직함이 무기다 🔓
戊寅庚辰丙午戊申(무인경진병오무신)|바람처럼 유연하라 🍃
己卯辛巳丁未庚酉(기묘신사정미경유)|오늘은 결단력이 필요하다 ✂️
庚辰壬午戊申辛戌(경진임오무신신술)|노력은 결코 배신하지 않는다 🏋️
辛巳癸未己酉壬亥(신사계미기유임해)|오늘은 ‘멈춤’이 정답이다 ⏸️
壬午甲申庚戌乙子(임오갑신경술을자)|다르게 생각하면 길이 보인다 🌀
癸未乙酉辛亥丁丑(계미을유신해정축)|오늘은 마음을 비우라 🕉️
甲申丙戌庚子壬寅(갑신병술경자임인)|용기가 당신을 앞서게 한다 🏆
乙酉丁亥辛丑癸卯(을유정해신축계묘)|오늘은 작은 실수도 웃어넘겨라 😅
丙戌戊子壬寅甲辰(병술무자임인갑진)|끝까지 가는 자가 승리한다 🏁
丁亥己丑乙卯丙巳(정해기축을묘병사)|편안함이 내일의 힘이 된다 🛋️
戊子庚寅丙辰戊午(무자경인병진무오)|오늘은 속도보다 방향이다 🧭
己丑辛卯丁巳庚未(기축신묘정사경미)|친절이 돌아온다 🌻
庚寅壬辰戊午辛申(경인임진무오신신)|균형을 잃지 마라 ⚖️
辛卯癸巳己未壬酉(신묘계사기미임유)|말 한마디가 오늘을 바꾼다 💬
壬辰甲午庚申乙戌(임진갑오경신을술)|인내는 언제나 보상받는다 🎁
癸巳乙未辛酉丁亥(계사을미신유정해)|즐거움이 활력을 만든다 🎉
甲午丙申庚戌壬子(갑오병신경술임자)|지금이 바로 시작할 때다 ⏰
乙未丁酉辛亥癸丑(을미정유신해계축)|작지만 꾸준히 쌓아라 🪨
丙申戊戌壬子甲寅(병신무술임자갑인)|웃음이 좋은 인연을 만든다 😆
丁酉己亥乙丑丙卯(정유기해을축병묘)|오늘은 새로운 도전을 맞이하라 🎯
戊戌庚子丙寅戊辰(무술경자병인무진)|큰 그림을 그리고 나아가라 🖼️
己亥辛丑丁卯庚巳(기해신축정묘경사)|겸손이 모든 문을 연다 🚪
庚子壬寅戊辰辛午(경자임인무진신오)|솔직함이 관계를 지킨다 🤝
辛丑癸卯己巳壬未(신축계묘기사임미)|포기하지 않으면 길이 열린다 🛤️
壬寅甲辰庚午乙申(임인갑진경오을신)|작은 배려가 큰 변화를 만든다 🌷
癸卯乙巳辛未丁酉(계묘을사신미정유)|오늘은 가볍게 흘려보내라 🌊
